Unit ID,Unit Name,Faction,Movement,Toughness,Save,Invunl Save,Wounds,Leadership,OC,Points,Model Count
882,Custodian Guard,Adeptus Custodes,6,6,2,4,3,6,2,200,5
1446,Trajann Valoris,Adeptus Custodes,6,6,2,4,7,5,2,140,1
1447,Shield-captain,Adeptus Custodes,6,6,2,4,6,6,2,120,1
1448,Shield-captain In Allarus Terminator Armour,Adeptus Custodes,5,7,2,4,7,6,2,130,1
1449,Shield-captain On Dawneagle Jetbike,Adeptus Custodes,12,7,2,4,8,6,2,150,1
1450,Custodian Wardens,Adeptus Custodes,6,6,2,4,3,6,2,260,5
1453,Allarus Custodians,Adeptus Custodes,5,7,2,4,4,6,2,360,6
1454,Vertus Praetors,Adeptus Custodes,12,7,2,4,5,6,2,225,3
1458,Contemptor-achillus Dreadnought,Adeptus Custodes,6,9,2,5,10,6,3,155,1
1460,Caladius Grav-tank,Adeptus Custodes,10,11,2,5,14,6,4,215,1
1461,Coronus Grav-carrier,Adeptus Custodes,12,12,2,5,16,6,5,200,1
1557,Contemptor-galatus Dreadnought,Adeptus Custodes,6,9,2,4,10,6,3,165,1
1558,Aquilon Custodians,Adeptus Custodes,5,7,2,4,4,6,2,390,6
1559,Custodian Guard With Adrasite And Pyrithite Spears,Adeptus Custodes,6,6,2,4,3,6,2,250,5
1560,Agamatus Custodians,Adeptus Custodes,12,6,2,4,4,6,2,450,6
1561,Venatari Custodians,Adeptus Custodes,10,6,2,4,3,6,2,330,6
1562,Pallas Grav-attack,Adeptus Custodes,12,8,2,5,9,6,2,105,1
1563,Sagittarum Custodians,Adeptus Custodes,6,6,2,4,3,6,2,225,5
1564,Orion Assault Dropship,Adeptus Custodes,20,12,2,5,22,6,0,690,1
1680,Ares Gunship,Adeptus Custodes,20,12,2,5,22,6,0,580,1
2521,Prosecutors,Adeptus Custodes,6,3,3,,1,6,2,85,10
2522,Vigilators,Adeptus Custodes,6,3,3,,1,6,1,110,10
2523,Witchseekers,Adeptus Custodes,6,3,3,,1,6,1,125,10
2524,Anathema Psykana Rhino,Adeptus Custodes,12,9,3,,10,6,2,75,1
838,Belisarius Cawl,Adeptus Mechanicus,8,8,2,4,10,6,3,175,1
839,Adeptus Mechanicus Tech-priest Dominus,Adeptus Mechanicus,6,4,2,5,4,7,1,65,1
840,Tech-priest Enginseer,Adeptus Mechanicus,6,4,3,5,3,7,1,55,1
841,Kataphron Breachers,Adeptus Mechanicus,5,7,3,6,3,7,1,320,6
842,Kataphron Destroyers,Adeptus Mechanicus,5,6,3,6,3,7,1,210,6
843,Fulgurite Electro-priests,Adeptus Mechanicus,6,3,7,5,1,7,1,140,10
844,Corpuscarii Electro-priests,Adeptus Mechanicus,6,3,7,5,1,7,1,130,10
845,Kastelan Robots,Adeptus Mechanicus,6,9,2,5,7,7,2,360,4
846,Cybernetica Datasmith,Adeptus Mechanicus,6,4,2,5,3,7,1,35,1
847,Servitors,Adeptus Mechanicus,6,3,4,6,1,8,0,50,4
848,Skitarii Rangers,Adeptus Mechanicus,6,3,4,5,1,7,2,85,10
849,Skitarii Vanguard,Adeptus Mechanicus,6,3,4,5,1,7,2,95,10
850,Sicarian Infiltrators,Adeptus Mechanicus,8,4,4,5,2,7,1,140,10
851,Sicarian Ruststalkers,Adeptus Mechanicus,8,4,4,5,2,7,1,150,10
852,Ironstrider Ballistarii,Adeptus Mechanicus,10,7,3,5,7,7,2,225,3
853,Sydonian Dragoons With Taser Lances,Adeptus Mechanicus,10,7,3,5,7,7,2,195,3
1580,Tech-priest Manipulus,Adeptus Mechanicus,6,4,2,5,4,7,1,60,1
1650,Skorpius Dunerider,Adeptus Mechanicus,12,9,3,,11,7,2,85,1
1651,Skorpius Disintegrator,Adeptus Mechanicus,10,10,2,,12,7,3,165,1
2081,Serberys Sulphurhounds,Adeptus Mechanicus,12,4,4,5,2,7,2,110,5
2082,Serberys Raiders,Adeptus Mechanicus,12,4,4,5,2,7,2,120,5
2083,Pteraxii Sterylizors,Adeptus Mechanicus,12,4,4,5,2,7,1,160,10
2084,Pteraxii Skystalkers,Adeptus Mechanicus,12,4,4,5,2,7,1,140,10
2085,Archaeopter Transvector,Adeptus Mechanicus,20,9,3,,10,7,0,150,1
2086,Archaeopter Stratoraptor,Adeptus Mechanicus,20,9,3,,10,7,0,185,1
2087,Archaeopter Fusilave,Adeptus Mechanicus,20,9,3,,10,7,0,160,1
2477,Technoarcheologist,Adeptus Mechanicus,6,4,3,5,3,7,1,45,1
2478,Skitarii Marshal,Adeptus Mechanicus,6,3,4,5,3,6,1,35,1
3694,Sydonian Dragoons With Radium Jezzails,Adeptus Mechanicus,10,7,3,5,7,7,2,150,3
3695,Sydonian Skatros,Adeptus Mechanicus,8,4,4,5,4,7,1,50,1
4119,Servitor Battleclade,Adeptus Mechanicus,6,4,4,6,2,7,1,60,6
570,Illic Nightspear,Aeldari,7,3,5,5,3,6,1,70,1
571,Asurmen,Aeldari,7,3,2,4,5,6,1,125,1
573,Karandras,Aeldari,7,3,2,4,5,6,1,90,1
580,Autarch Skyrunner,Aeldari,14,4,3,4,5,6,2,90,1
582,Farseer,Aeldari,7,3,6,4,4,6,1,70,1
583,Farseer Skyrunner,Aeldari,14,4,6,4,5,6,2,80,1
587,Warlock Skyrunners,Aeldari,14,4,6,4,3,6,2,90,2
588,Spiritseer,Aeldari,7,3,6,4,3,6,1,65,1
589,Guardian Defenders,Aeldari,7,3,4,,2,7,0,100,10
590,Storm Guardians,Aeldari,7,3,4,,2,7,0,100,10
591,Windriders,Aeldari,14,4,4,6,2,7,2,160,6
592,Rangers,Aeldari,7,3,5,5,1,7,1,110,10
593,Dire Avengers,Aeldari,7,3,4,5,2,6,1,150,10
594,Howling Banshees,Aeldari,8,3,4,5,2,6,1,190,10
595,Striking Scorpions,Aeldari,7,3,3,5,2,6,1,150,10
596,Fire Dragons,Aeldari,7,3,3,5,2,6,1,220,10
598,Wraithblades,Aeldari,6,6,2,,3,8,1,160,5
599,Wave Serpent,Aeldari,14,9,3,5,13,7,2,125,1
600,Swooping Hawks,Aeldari,14,3,4,5,2,6,1,190,10
601,Warp Spiders,Aeldari,12,3,3,5,2,6,1,190,10
602,Shining Spears,Aeldari,14,4,3,5,3,6,2,220,5
603,Crimson Hunter,Aeldari,20,8,3,5,12,6,0,160,1
605,Vypers,Aeldari,14,6,3,,6,7,2,130,2
607,Dark Reapers,Aeldari,6,3,3,5,2,6,1,195,10
610,Fire Prism,Aeldari,14,9,3,,12,7,3,150,1
611,Night Spinner,Aeldari,14,9,3,,12,7,3,190,1
612,War Walkers,Aeldari,10,7,3,5,6,7,2,170,2
615,Shadow Spectres,Aeldari,12,3,3,5,2,6,1,230,10
616,Wasp Assault Walker,Aeldari,10,7,3,4,6,6,2,95,1
617,Wraithseer,Aeldari,8,11,2,5,10,6,3,160,1
621,Scorpion,Aeldari,14,11,2,5,24,6,8,410,1
624,Phoenix,Aeldari,20,9,3,,16,6,0,175,1
627,Skathach Wraithknight,Aeldari,10,12,2,,18,6,10,490,1
629,Aeldari Corsair Cloud Dancer Band,Aeldari,14,4,3,,2,6,2,245,6
632,Aeldari Corsair Reaver Band,Aeldari,7,3,5,,3,6,2,275,10
633,Aeldari Corsair Skyreaver Band,Aeldari,14,3,5,,3,6,1,275,10
1393,Firestorm,Aeldari,14,9,3,,12,6,3,115,1
1400,Bonesinger,Aeldari,7,3,6,4,3,6,1,45,1
1598,Amallyn Shadowguide,Aeldari,7,3,5,4,3,6,1,75,1
2531,Aeldari Corsair Voidreavers,Aeldari,7,3,4,,1,7,2,110,10
2532,Aeldari Corsair Voidscarred,Aeldari,7,3,4,,1,7,1,160,10
2533,Shroud Runners,Aeldari,14,4,5,5,3,7,2,160,6
2534,Aeldari Troupe Master,Aeldari,8,3,6,4,4,6,1,75,1
2535,Shadowseer,Aeldari,8,3,6,4,4,6,1,60,1
2537,Death Jester,Aeldari,8,3,6,4,4,6,1,90,1
2538,Solitaire,Aeldari,12,3,6,4,4,6,1,115,1
2539,Skyweavers,Aeldari,14,4,4,4,3,6,2,190,4
2541,Starweaver,Aeldari,14,6,4,4,6,6,2,80,1
2543,The Visarch,Aeldari,8,3,2,4,5,6,1,90,1
3909,Lhykhis,Aeldari,12,3,2,4,5,6,1,120,1
3911,Shadow Weaver Platform,Aeldari,7,6,4,,5,7,1,75,1
3913,Wraithknight with Ghostglaive,Aeldari,12,12,2,,18,6,10,420,1
3915,Ynnari Succubus,Aeldari,8,3,6,4,4,6,1,45,1
3916,Ynnari Kabalite Warriors,Aeldari,8,3,4,6,1,6,2,110,10
3917,Ynnari Wyches,Aeldari,8,3,6,6,1,6,2,90,10
3919,Ynnari Reavers,Aeldari,16,4,4,6,2,6,2,120,5
680,Astra Militarum Leman Russ Commander,Astra Militarum,10,11,2,,13,7,3,235,1
686,Astra Militarum Cadian Heavy Weapons Squad,Astra Militarum,6,3,5,,2,7,2,65,3
690,Astra Militarum Scout Sentinels,Astra Militarum,10,7,3,,7,7,2,110,2
691,Astra Militarum Armoured Sentinels,Astra Militarum,8,8,2,,7,7,2,130,2
695,Astra Militarum Basilisk,Astra Militarum,10,9,3,,11,7,3,140,1
699,Astra Militarum Deathstrike,Astra Militarum,10,10,3,,11,7,3,145,1
700,Astra Militarum Leman Russ Battle Tank,Astra Militarum,10,11,2,,13,7,3,185,1
701,Astra Militarum Leman Russ Demolisher,Astra Militarum,10,11,2,,13,7,3,190,1
704,Astra Militarum Banesword,Astra Militarum,12,13,2,,24,7,8,450,1
707,Astra Militarum Shadowsword,Astra Militarum,12,13,2,,24,7,8,410,1
708,Astra Militarum Stormlord,Astra Militarum,12,13,2,,24,7,8,430,1
709,Astra Militarum Stormsword,Astra Militarum,12,13,2,,24,7,8,465,1
713,‘Iron Hand’ Straken,Astra Militarum,6,3,3,4,4,7,1,55,1
714,Sergeant Harker,Astra Militarum,6,4,5,,3,7,1,40,1
716,Commissar,Astra Militarum,6,3,5,5,3,6,1,30,1
719,Militarum Tempestus Command Squad,Astra Militarum,6,3,4,,3,7,1,85,4
722,Ogryn Squad,Astra Militarum,6,6,5,,3,7,1,130,5
723,Bullgryn Squad,Astra Militarum,6,6,3,,3,7,1,200,5
724,Ratlings,Astra Militarum,6,2,6,,1,8,1,100,10
728,Astra Militarum Atlas Recovery Vehicle,Astra Militarum,10,9,3,,10,7,3,80,1
729,Astra Militarum Salamander Command Vehicle,Astra Militarum,12,8,3,,10,7,3,80,1
730,Astra Militarum Hades Breaching Drill,Astra Militarum,6,9,3,,8,7,2,110,1
733,Astra Militarum Trojan Support Vehicle,Astra Militarum,10,9,3,,11,7,2,80,1
735,Astra Militarum Salamander Scout Vehicle,Astra Militarum,12,8,3,,10,7,3,95,1
736,Astra Militarum Tauros Assault Vehicle,Astra Militarum,12,6,4,,6,7,2,50,1
737,Astra Militarum Tauros Venator,Astra Militarum,12,6,4,,6,7,2,55,1
739,Astra Militarum Armageddon-pattern Medusa,Astra Militarum,10,9,3,,11,7,3,105,1
740,Astra Militarum Colossus,Astra Militarum,10,10,2,,11,7,3,160,1
741,Astra Militarum Cyclops Demolition Vehicle,Astra Militarum,8,4,3,,4,8,0,25,1
743,Astra Militarum Earthshaker Carriage Battery,Astra Militarum,4,7,4,,6,7,2,120,1
754,Astra Militarum Malcador Infernus,Astra Militarum,10,11,2,,18,7,5,235,1
756,Astra Militarum Medusa Carriage Battery,Astra Militarum,4,7,4,,6,7,2,125,1
757,Astra Militarum Rapier Laser Destroyer Battery,Astra Militarum,6,4,4,,3,7,1,105,3
758,Astra Militarum Sabre Weapons Battery,Astra Militarum,,4,4,,4,7,1,90,2
759,Astra Militarum Sentinel Powerlifter,Astra Militarum,8,7,3,,6,7,2,55,1
760,Astra Militarum Stygies Destroyer Tank Hunter,Astra Militarum,10,11,2,,13,7,3,180,1
763,Astra Militarum Stormblade,Astra Militarum,9,13,2,,24,7,8,415,1
764,Astra Militarum Arkurian Stormhammer,Astra Militarum,9,13,2,,24,7,8,480,1
766,Astra Militarum Crassus,Astra Militarum,10,11,2,,18,7,5,180,1
767,Astra Militarum Dominus Armoured Siege Bombard,Astra Militarum,9,13,2,,20,7,8,325,1
768,Astra Militarum Gorgon Heavy Transport,Astra Militarum,9,13,2,5,20,7,8,275,1
769,Astra Militarum Macharius,Astra Militarum,9,13,2,,20,7,8,310,1
770,Astra Militarum Macharius Omega,Astra Militarum,9,13,2,,20,7,8,310,1
771,Astra Militarum Macharius Vanquisher,Astra Militarum,9,13,2,,20,7,8,285,1
772,Astra Militarum Macharius Vulcan,Astra Militarum,9,13,2,,20,7,8,310,1
774,Marauder Destroyer,Astra Militarum,20,10,2,,20,7,0,375,1
779,Arvus Lighter,Astra Militarum,20,8,3,,8,7,0,95,1
780,Avenger Strike Fighter,Astra Militarum,20,9,3,,14,7,0,130,1
781,Voss-pattern Lightning,Astra Militarum,20,9,3,,14,7,0,130,1
783,Vendetta Gunship,Astra Militarum,20,10,2,,14,7,0,255,1
784,Vulture Gunship,Astra Militarum,20,10,2,,14,7,0,225,1
889,Astra Militarum Primaris Psyker,Astra Militarum,6,3,5,,3,7,1,60,1
1237,Valkyrie Sky Talon,Astra Militarum,20,10,2,,14,7,0,185,1
1383,Astra Militarum Mukaali Riders,Astra Militarum,8,6,4,,5,7,2,110,2
1394,Astra Militarum Ministorum Priest,Astra Militarum,6,3,6,4,3,7,1,35,1
1396,Tech-Priest Enginseer,Astra Militarum,6,4,3,5,3,7,1,45,1
1397,Astra Militarum Munitorum Servitors,Astra Militarum,6,3,4,6,1,8,0,35,4
1406,Sly Marbo,Astra Militarum,6,3,5,,4,7,1,55,1
1596,Rein And Raus,Astra Militarum,6,2,6,,1,8,1,50,1
2374,Astra Militarum Death Korps Grenadier Squad,Astra Militarum,6,3,4,,2,7,1,110,10
2375,Astra Militarum Quartermaster Cadre Squad,Astra Militarum,6,3,4,,3,7,1,45,4
2377,Astra Militarum Elysian Sniper Squad,Astra Militarum,6,3,5,,2,7,2,65,3
2378,Astra Militarum Death Rider Commissar,Astra Militarum,12,4,4,5,4,6,1,35,1
2379,Astra Militarum Storm Chimera,Astra Militarum,10,9,3,,11,7,2,90,1
2485,Gaunt’s Ghosts,Astra Militarum,6,3,4,5,3,6,1,100,5
2605,Lord Solar Leontus,Astra Militarum,12,4,3,4,8,6,2,130,1
2606,Ursula Creed,Astra Militarum,6,3,4,5,4,7,1,85,1
2607,Cadian Castellan,Astra Militarum,6,3,5,5,4,7,1,55,1
2609,Cadian Command Squad,Astra Militarum,6,3,5,,3,7,1,65,4
2610,Regimental Attachés,Astra Militarum,6,3,5,,1,7,1,40,1
2612,Cadian Shock Troops,Astra Militarum,6,3,5,,1,7,2,120,18
2613,Death Korps Of Krieg,Astra Militarum,6,3,5,,1,7,2,145,18
2614,Catachan Jungle Fighters,Astra Militarum,6,3,5,,1,7,2,120,18
2615,Kasrkin,Astra Militarum,6,3,4,,1,7,1,110,10
2616,Attilan Rough Riders,Astra Militarum,12,4,4,,2,7,1,120,10
2619,Aegis Defence Line,Astra Militarum,,12,2,,10,7,0,145,1
2739,Earthshaker Platform,Astra Militarum,,8,3,,8,7,2,110,1
2740,Elysian Drop Sentinel,Astra Militarum,10,6,3,,6,7,2,85,1
2741,Leman Russ Eradicator,Astra Militarum,10,11,2,,13,7,3,170,1
2742,Leman Russ Executioner,Astra Militarum,10,11,2,,13,7,3,170,1
2743,Leman Russ Exterminator,Astra Militarum,10,11,2,,13,7,3,180,1
2744,Leman Russ Punisher,Astra Militarum,10,11,2,,13,7,3,150,1
2745,Leman Russ Vanquisher,Astra Militarum,10,11,2,,13,7,3,145,1
2746,Tempestus Scions,Astra Militarum,6,3,4,,1,7,1,140,10
3834,Tempestus Aquilons,Astra Militarum,6,3,4,,1,7,1,100,10
3889,Krieg Command Squad,Astra Militarum,6,3,5,,3,6,1,65,5
3890,Lord Marshal Dreir,Astra Militarum,10,4,4,4,6,7,2,100,1
3891,Astra Militarum Catachan Command Squad,Astra Militarum,6,3,5,,3,7,1,65,4
3893,Astra Militarum Krieg Combat Engineers,Astra Militarum,6,3,4,,1,7,1,95,10
3894,Astra Militarum Catachan Heavy Weapons Squad,Astra Militarum,6,3,5,,2,7,2,65,3
3895,Astra Militarum Krieg Heavy Weapons Squad,Astra Militarum,4,3,4,,2,7,1,75,3
3898,Astra Militarum Death Riders,Astra Militarum,10,4,4,,2,7,1,120,10
3922,Astra Militarum Hell’s Last,Astra Militarum,6,3,5,5,3,7,1,80,4
3937,Provisionally Prepared,Astra Militarum,6,2,6,,2,8,2,40,1
870,Vindicare Assassin,Agents,7,4,6,4,4,6,1,125,1
871,Callidus Assassin,Agents,7,4,6,4,4,6,1,100,1
872,Eversor Assassin,Agents,9,4,6,4,4,6,1,120,1
873,Culexus Assassin,Agents,7,4,6,4,4,6,1,85,1
874,Inquisitor Greyfax,Agents,6,3,3,5,4,6,1,65,1
875,Inquisitor Karamazov,Agents,8,9,3,4,10,6,3,140,1
876,Inquisitor Coteaz,Agents,6,3,2,4,4,6,1,95,1
877,Inquisitor,Agents,6,3,4,5,4,6,1,55,1
1579,Inquisitor Eisenhorn,Agents,6,3,4,5,4,6,1,65,1
2090,Inquisitor Draxus,Agents,6,3,3,5,4,6,1,95,1
2509,Voidsmen-at-arms,Agents,6,3,4,,1,7,2,70,4
2587,Imperial Navy Breachers,Agents,6,3,4,,1,7,2,90,10
2683,Vigilant Squad,Agents,6,3,4,,1,7,2,85,10
2684,Subductor Squad,Agents,6,3,3,4,1,7,1,100,10
2685,Exaction Squad,Agents,6,3,4,,1,7,1,90,10
2760,Inquisitor In Terminator Armour,Agents,5,4,2,4,5,6,1,70,1
2761,Damned Legionnaires,Agents,6,4,3,4,2,6,1,180,10
2763,Janus Draik,Agents,6,3,4,4,4,6,1,40,1
2764,Neyam Shai Murad,Agents,6,3,4,4,4,6,1,40,1
2765,Navigator,Agents,6,3,5,4,3,7,1,75,1
2767,Inquisitorial Agents,Agents,6,3,5,,1,7,1,120,10
3812,Agents Ministorum Priest,Agents,6,3,6,4,3,7,1,40,1
3813,Grey Knights Terminator Squad,Agents,5,5,2,4,3,6,2,210,4
3814,Agents Watch Captain Artemis,Agents,6,4,3,4,4,6,1,65,1
3815,Agents Watch Master,Agents,6,4,2,4,5,6,1,95,1
3817,Agents Corvus Blackstar,Agents,20,10,3,,14,6,0,180,1
3818,Sisters of Battle Squad,Agents,6,3,3,6,1,7,2,115,10
3819,Sisters of Battle Immolator,Agents,12,10,3,6,11,7,2,115,1
3820,Inquisitorial Chimera,Agents,10,9,3,,11,7,2,70,1
3821,Agents Kill Team Cassius,Agents,6,4,3,4,4,5,2,220,8
3822,Agents Deathwatch Terminator Squad,Agents,5,5,2,4,3,6,1,420,10
3823,Veteran Bike Squad,Agents,12,5,3,,3,6,2,140,5
3824,Proteus Kill Team,Agents,12,5,3,,3,6,2,320,10
3825,Agents Fortis Kill Team,Agents,12,5,3,,4,6,2,200,10
3827,Agents Spectrus Kill Team,Agents,6,4,3,,2,6,1,180,10
3828,Daemonhost,Agents,6,3,5,5,3,7,0,80,2
3829,Jokaero Weaponsmith,Agents,6,3,5,4,2,7,0,30,1
4074,Agents Sanctifiers,Agents,6,3,6,5,1,7,1,100,4
894,Crusaders,Adepta Sororitas,6,3,3,4,2,7,1,80,4
895,Death Cult Assassins,Adepta Sororitas,7,3,5,5,2,7,1,110,4
896,Arco-flagellants,Adepta Sororitas,7,3,7,6,2,8,1,140,10
897,Penitent Engines,Adepta Sororitas,8,6,4,6,5,7,2,150,2
898,Saint Celestine,Adepta Sororitas,12,3,2,4,5,6,1,150,2
899,Canoness,Adepta Sororitas,6,3,3,4,4,7,1,50,1
901,Hospitaller,Adepta Sororitas,6,3,3,6,3,7,1,50,1
902,Dialogus,Adepta Sororitas,6,3,3,4,3,6,1,40,1
903,Battle Sisters Squad,Adepta Sororitas,6,3,3,6,1,7,2,105,10
904,Seraphim Squad,Adepta Sororitas,12,3,3,5,1,7,1,160,10
907,Repentia Squad,Adepta Sororitas,7,3,3,6,1,7,1,160,10
908,Retributor Squad,Adepta Sororitas,6,3,3,6,1,7,1,105,4
909,Dominion Squad,Adepta Sororitas,6,3,3,6,1,7,1,115,10
910,Sororitas Rhino,Adepta Sororitas,12,9,3,6,10,7,2,75,1
911,Immolator,Adepta Sororitas,12,10,3,6,11,7,2,115,1
912,Exorcist,Adepta Sororitas,10,10,3,6,11,7,3,210,1
1199,Repressor,Adepta Sororitas,12,10,3,6,12,7,2,130,1
1553,Adepta Sororitas Ministorum Priest,Adepta Sororitas,6,3,6,4,3,7,1,50,1
2063,Triumph Of Saint Katherine,Adepta Sororitas,6,3,3,4,18,6,6,235,1
2066,Zephyrim Squad,Adepta Sororitas,12,3,3,5,1,7,1,160,10
2067,Mortifiers,Adepta Sororitas,8,6,4,6,5,7,2,140,2
2068,Battle Sanctum,Adepta Sororitas,,11,3,,20,7,0,170,1
2480,Aestred Thurga And Agathae Dolan,Adepta Sororitas,6,3,2,4,4,6,1,70,1
2481,Celestian Sacresants,Adepta Sororitas,6,3,3,4,1,7,1,130,10
2483,Paragon Warsuits,Adepta Sororitas,8,7,2,4,4,7,2,210,2
2484,Castigator,Adepta Sororitas,10,10,3,6,11,7,3,160,1
2507,Sisters Novitiate Squad,Adepta Sororitas,6,3,3,6,1,7,2,100,10
3714,Canoness with Jump Pack,Adepta Sororitas,12,3,3,4,3,7,1,75,1
3811,Celestian Sacresant Aveline,Adepta Sororitas,6,3,3,4,4,7,1,45,1
4075,Adepta Sororitas Sanctifiers,Adepta Sororitas,6,3,6,5,1,7,1,100,4
1105,Chaos Daemons Skarbrand,Chaos Daemons,10,11,3,4,20,6,5,305,1
1106,Skulltaker,Chaos Daemons,8,4,4,4,5,7,1,85,1
1111,Rendmaster On Blood Throne,Chaos Daemons,8,9,4,4,9,7,3,165,1
1112,Chaos Daemons Flesh Hounds,Chaos Daemons,12,4,7,5,2,7,1,150,10
1114,Chaos Daemons Bloodletters,Chaos Daemons,8,4,7,5,1,7,2,110,10
1115,Chaos Daemons Bloodcrushers,Chaos Daemons,10,7,3,5,4,7,2,220,5
1116,Skull Cannon,Chaos Daemons,8,9,4,4,9,7,3,95,1
1117,Chaos Daemons Kairos Fateweaver,Chaos Daemons,12,10,6,4,20,6,5,270,1
1119,The Blue Scribes,Chaos Daemons,12,4,6,4,6,8,2,75,1
1120,Chaos Daemons Lord of Change,Chaos Daemons,12,10,6,4,18,6,5,260,1
1125,Chaos Daemons Flamers,Chaos Daemons,9,4,7,4,3,7,1,130,5
1127,Chaos Daemons Screamers,Chaos Daemons,14,4,6,4,3,7,1,160,6
1129,Epidemius,Chaos Daemons,5,5,6,5,8,7,2,80,1
1132,Chaos Daemons Plaguebearers,Chaos Daemons,5,5,7,5,2,7,2,110,10
1133,Chaos Daemons Nurglings,Chaos Daemons,5,3,7,5,4,8,0,70,6
1134,Beasts Of Nurgle,Chaos Daemons,6,9,6,5,7,7,3,130,2
1135,Chaos Daemons Plague Drones,Chaos Daemons,10,8,6,5,5,7,2,220,5
1136,The Masque Of Slaanesh,Chaos Daemons,9,3,7,4,4,7,1,95,1
1137,Keeper Of Secrets,Chaos Daemons,14,10,5,4,18,6,5,270,1
1139,Herald Of Slaanesh On Steed Of Slaanesh,Chaos Daemons,14,4,7,5,4,7,2,70,1
1141,Tormentbringer On Exalted Seeker Chariot,Chaos Daemons,14,6,5,4,12,7,3,140,1
1142,Chaos Daemons Daemonettes,Chaos Daemons,9,3,7,5,1,7,2,100,10
1143,Chaos Daemons Fiends,Chaos Daemons,12,5,7,5,4,7,2,190,5
1144,Hellflayers,Chaos Daemons,14,6,5,4,7,7,3,160,2
1145,Chaos Daemons Seekers,Chaos Daemons,14,4,7,5,2,7,1,160,10
1146,Seeker Chariot,Chaos Daemons,14,6,5,4,7,7,3,130,2
1147,Exalted Seeker Chariot,Chaos Daemons,14,6,5,4,12,7,5,115,1
1149,Daemon Prince Of Chaos,Chaos Daemons,8,10,2,4,10,6,3,190,1
1150,Furies,Chaos Daemons,12,3,7,5,1,8,1,80,10
1151,Soul Grinder,Chaos Daemons,8,11,3,4,14,7,5,180,1
1333,Aetaos’rau’keres,Chaos Daemons,12,10,6,4,24,6,6,315,1
1336,Plague Toads,Chaos Daemons,7,8,6,5,4,7,2,120,3
1337,Pox Riders,Chaos Daemons,7,8,6,5,5,7,2,160,3
1338,Spined Chaos Beast,Chaos Daemons,10,10,4,5,12,7,4,145,1
1339,Giant Chaos Spawn,Chaos Daemons,10,8,4,5,10,7,3,130,1
1340,Scabeiathrax The Bloated,Chaos Daemons,7,12,5,4,22,6,5,275,1
1455,Bloodmaster,Chaos Daemons,8,4,5,4,4,7,1,65,1
1456,Skullmaster,Chaos Daemons,10,7,3,4,6,7,2,100,1
1462,Changecaster,Chaos Daemons,6,3,6,4,3,7,1,60,1
1463,Fateskimmer,Chaos Daemons,12,7,6,4,9,7,3,95,1
1464,Fluxmaster,Chaos Daemons,12,4,6,4,4,7,1,60,1
1465,Chaos Daemons Rotigus,Chaos Daemons,7,12,5,4,22,6,5,250,1
1466,Horticulous Slimux,Chaos Daemons,6,10,3,4,10,7,2,120,1
1468,Sloppity Bilepiper,Chaos Daemons,5,5,7,5,5,7,1,55,1
1469,Spoilpox Scrivener,Chaos Daemons,5,5,7,5,5,6,1,60,1
1588,Skull Altar,Chaos Daemons,,12,3,,10,7,0,105,1
1589,Infernal Enrapturess,Chaos Daemons,9,3,7,5,3,7,1,60,1
1648,Chaos Daemons Shalaxi Helbane,Chaos Daemons,14,10,3,4,20,6,5,380,1
1649,Syll’esske,Chaos Daemons,9,6,6,4,9,6,2,120,1
2582,Chaos Daemons Bloodthirster,Chaos Daemons,12,11,3,4,18,6,5,305,1
2583,Chaos Daemons Blue Horrors,Chaos Daemons,6,3,7,4,1,8,1,125,10
2584,Chaos Daemons Pink Horrors,Chaos Daemons,6,3,7,4,1,7,2,140,10
2758,Daemon Prince Of Chaos With Wings,Chaos Daemons,12,9,2,4,10,6,3,180,1
4036,Chaos Daemons Chaos Lord,Chaos Daemons,6,4,3,4,5,6,1,90,1
4037,Chaos Daemons Chaos Lord In Terminator Armour,Chaos Daemons,5,5,2,4,6,6,1,95,1
4038,Chaos Daemons Chaos Lord with Jump Pack,Chaos Daemons,12,4,3,4,5,6,1,80,1
4039,Chaos Daemons Chaos Lord On Disc Of Tzeentch,Chaos Daemons,12,4,3,4,6,6,1,100,1
4040,Chaos Daemons Chaos Lord On Juggernaut,Chaos Daemons,10,6,2,4,7,6,2,115,1
4041,Chaos Daemons Chaos Lord On Palanquin Of Nurgle,Chaos Daemons,5,5,3,4,8,6,2,90,1
4042,Chaos Daemons Chaos Lord On Steed Of Slaanesh,Chaos Daemons,14,5,3,4,6,6,2,100,1
4043,Chaos Daemons Chaos Terminator Squad,Chaos Daemons,5,5,2,4,3,6,1,360,10
4044,Chaos Daemons Chosen,Chaos Daemons,6,4,3,,3,6,1,250,10
4045,Chaos Daemons Cultist Firebrand,Chaos Daemons,6,4,4,,4,6,1,45,1
4049,Chaos Daemons Rogue Psyker,Chaos Daemons,6,3,5,,3,7,1,60,1
4050,Chaos Daemons Cultist Mob,Chaos Daemons,6,3,6,,1,7,1,100,19
4051,Chaos Daemons Cultist Mob with Firearms,Chaos Daemons,6,3,6,,1,7,1,100,19
4052,Chaos Daemons Accursed Cultists,Chaos Daemons,6,4,6,,3,7,1,195,10
4053,Chaos Daemons Fellgor Beastmen,Chaos Daemons,6,4,5,,1,7,1,70,10
4054,Chaos Daemons Traitor Guardsmen Squad,Chaos Daemons,6,3,5,,1,7,2,70,10
4057,Chaos Daemons Negavolt Cultists,Chaos Daemons,6,3,7,5,1,7,1,55,4
4058,Chaos Daemons Renegade Heavy Weapons Squad,Chaos Daemons,6,3,5,,2,7,2,75,3
4059,Chaos Daemons Renegade Ogryn Beast Handler,Chaos Daemons,6,6,5,,4,7,1,70,3
4060,Chaos Daemons Renegade Ogryn Brutes,Chaos Daemons,6,6,5,,3,7,1,95,3
4061,Chaos Daemons Renegade Plague Ogryns,Chaos Daemons,5,7,5,,3,7,1,95,3
4062,Chaos Daemons Dark Apostle,Chaos Daemons,6,4,3,4,4,5,1,65,2
4063,Chaos Daemons Havocs,Chaos Daemons,5,5,3,,2,6,1,125,4
4064,Chaos Daemons Legionaries,Chaos Daemons,6,4,3,,2,6,2,170,10
4065,Chaos Daemons Master Of Possession,Chaos Daemons,8,4,3,5,4,6,1,60,1
4066,Chaos Daemons Possessed,Chaos Daemons,9,6,3,5,3,6,1,240,10
4067,Chaos Daemons Raptors,Chaos Daemons,12,4,3,,2,6,1,170,10
4068,Chaos Daemons Sorcerer,Chaos Daemons,6,4,3,,4,6,1,60,1
4069,Chaos Daemons Sorcerer On Disc Of Tzeentch,Chaos Daemons,12,4,3,,5,6,1,80,1
4070,Chaos Daemons Sorcerer On Palanquin Of Nurgle,Chaos Daemons,5,5,3,,7,6,2,80,1
4071,Chaos Daemons Sorcerer On Steed Of Slaanesh,Chaos Daemons,14,5,3,,5,6,2,85,1
4072,Chaos Daemons Sorcerer In Terminator Armour,Chaos Daemons,5,5,2,4,5,6,1,80,1
4073,Chaos Daemons Warp Talons,Chaos Daemons,12,4,3,5,2,6,1,270,10
924,Abaddon The Despoiler,Chaos Space Marines,5,5,2,4,9,5,4,270,1
928,Fabius Bile,Chaos Space Marines,6,4,3,,5,6,1,85,1
929,Chaos Space Marines Chaos Lord,Chaos Space Marines,6,4,3,4,5,6,1,90,1
930,Chaos Space Marines Chaos Lord In Terminator Armour,Chaos Space Marines,5,5,2,4,6,6,1,95,1
931,Chaos Lord On Bike,Chaos Space Marines,12,5,3,4,6,6,2,95,1
932,Chaos Space Marines Chaos Lord On Juggernaut,Chaos Space Marines,10,6,2,4,7,6,2,115,1
933,Chaos Space Marines Chaos Lord On Disc Of Tzeentch,Chaos Space Marines,12,4,3,4,6,6,1,100,1
934,Chaos Space Marines Chaos Lord On Palanquin Of Nurgle,Chaos Space Marines,5,5,3,4,8,6,2,90,1
935,Chaos Space Marines Chaos Lord On Steed Of Slaanesh,Chaos Space Marines,14,5,3,4,6,6,2,100,1
936,Chaos Space Marines Dark Apostle,Chaos Space Marines,6,4,3,4,4,5,1,65,2
937,Heretic Astartes Daemon Prince,Chaos Space Marines,8,10,2,4,10,6,3,165,1
938,Chaos Space Marines Sorcerer,Chaos Space Marines,6,4,3,,4,6,1,60,1
939,Chaos Space Marines Sorcerer In Terminator Armour,Chaos Space Marines,5,5,2,4,5,6,1,80,1
940,Sorcerer On Bike,Chaos Space Marines,12,5,3,,5,6,2,75,1
941,Chaos Space Marines Sorcerer On Disc Of Tzeentch,Chaos Space Marines,12,4,3,,5,6,1,80,1
942,Chaos Space Marines Sorcerer On Palanquin Of Nurgle,Chaos Space Marines,5,5,3,,7,6,2,80,1
943,Chaos Space Marines Sorcerer On Steed Of Slaanesh,Chaos Space Marines,14,5,3,,5,6,2,85,1
944,Warpsmith,Chaos Space Marines,6,4,2,,4,6,1,70,1
946,Chaos Space Marines Cultist Mob,Chaos Space Marines,6,3,6,,1,7,1,100,19
947,Chaos Space Marines Chaos Terminator Squad,Chaos Space Marines,5,5,2,4,3,6,1,360,10
952,Chaos Space Marines Chosen,Chaos Space Marines,6,4,3,,3,6,1,250,10
953,Chaos Space Marines Possessed,Chaos Space Marines,9,6,3,5,3,6,1,240,10
955,Mutilators,Chaos Space Marines,4,7,2,5,4,6,2,185,3
956,Chaos Space Marines Chaos Rhino,Chaos Space Marines,12,9,3,,10,6,2,75,1
957,Chaos Bikers,Chaos Space Marines,12,5,3,,3,6,2,130,5
958,Chaos Space Marines Raptors,Chaos Space Marines,12,4,3,,2,6,1,170,10
959,Chaos Space Marines Warp Talons,Chaos Space Marines,12,4,3,5,2,6,1,270,10
960,Chaos Space Marines Chaos Spawn,Chaos Space Marines,8,5,4,,4,7,0,70,2
962,Chaos Space Marines Chaos Land Raider,Chaos Space Marines,10,12,2,,16,6,5,220,1
963,Chaos Space Marines Chaos Predator Destructor,Chaos Space Marines,10,10,3,,11,6,3,140,1
964,Chaos Space Marines Chaos Vindicator,Chaos Space Marines,9,11,2,,11,6,3,185,1
965,Obliterators,Chaos Space Marines,4,7,2,5,5,6,2,160,2
966,Chaos Space Marines Havocs,Chaos Space Marines,5,5,3,,2,6,1,125,4
970,Khorne Lord Of Skulls,Chaos Space Marines,8,13,3,5,24,6,8,450,1
1293,Chaos Space Marines Blood Slaughterer,Chaos Space Marines,12,9,3,5,10,6,3,160,1
1298,Chaos Space Marines Greater Brass Scorpion,Chaos Space Marines,12,12,3,5,26,6,10,560,1
1302,Chaos Deimos Predator,Chaos Space Marines,10,10,3,,11,6,3,115,1
1311,Kharybdis Assault Claw,Chaos Space Marines,12,11,3,,20,6,4,325,1
1321,Chaos Space Marines Chaos Thunderhawk,Chaos Space Marines,20,12,2,,30,6,0,840,1
1581,Chaos Space Marines Master Of Possession,Chaos Space Marines,8,4,3,5,4,6,1,60,1
1583,Lord Discordant On Helstalker,Chaos Space Marines,14,9,2,4,10,6,4,160,1
1584,Master Of Executions,Chaos Space Marines,6,4,3,,4,6,1,80,1
1600,Chaos Space Marines Rogue Psyker,Chaos Space Marines,6,3,5,,3,7,1,60,1
1601,Chaos Space Marines Negavolt Cultists,Chaos Space Marines,6,3,7,5,1,7,1,55,4
1604,Chaos Space Marines Fellgor Beastmen,Chaos Space Marines,6,4,5,,1,7,1,70,10
2570,Chaos Space Marines Legionaries,Chaos Space Marines,6,4,3,,2,6,2,170,10
2571,Chaos Space Marines Accursed Cultists,Chaos Space Marines,6,4,6,,3,7,1,195,10
2572,Chaos Space Marines Chaos Predator Annihilator,Chaos Space Marines,10,10,3,,11,6,3,135,1
2590,Chaos Space Marines Traitor Guardsmen Squad,Chaos Space Marines,6,3,5,,1,7,2,70,10
2679,Vashtorr The Arkifane,Chaos Space Marines,12,10,2,4,14,6,3,175,1
2730,Heretic Astartes Daemon Prince With Wings,Chaos Space Marines,12,9,2,4,10,6,3,180,1
2732,Chaos Space Marines Renegade Heavy Weapons Squad,Chaos Space Marines,6,3,5,,2,7,2,75,3
2733,Chaos Space Marines Renegade Ogryn Beast Handler,Chaos Space Marines,6,6,5,,4,7,1,70,3
2734,Chaos Space Marines Renegade Ogryn Brutes,Chaos Space Marines,6,6,5,,3,7,1,95,3
2735,Chaos Space Marines Renegade Plague Ogryns,Chaos Space Marines,5,7,5,,3,7,1,95,3
3582,Chaos Space Marines Khorne Berzerkers,Chaos Space Marines,8,4,3,,2,6,2,360,19
3583,Chaos Space Marines Rubric Marines,Chaos Space Marines,6,4,3,5,3,6,2,190,10
3584,Chaos Space Marines Plague Marines,Chaos Space Marines,5,6,3,,2,6,2,190,10
3618,Chaos Space Marines Fire Raptor Gunship,Chaos Space Marines,20,10,3,,18,6,0,290,1
3622,Chaos Space Marines Spartan,Chaos Space Marines,10,12,2,,18,6,6,315,1
3630,Chaos Space Marines Cerberus,Chaos Space Marines,10,12,2,,18,6,6,285,1
3634,Chaos Space Marines Kratos,Chaos Space Marines,10,12,2,,18,6,6,265,1
3638,Chaos Space Marines Sokar-pattern Stormbird,Chaos Space Marines,20,13,2,4,40,6,0,1100,1
3642,Chaos Space Marines Sicaran Battle Tank,Chaos Space Marines,10,11,2,,14,6,4,220,1
3646,Chaos Space Marines Mastodon,Chaos Space Marines,9,14,2,,30,6,12,610,1
3662,Chaos Space Marines Whirlwind Scorpius,Chaos Space Marines,10,10,3,,11,6,3,115,1
3674,Chaos Space Marines Storm Eagle Gunship,Chaos Space Marines,20,10,3,,18,6,0,255,1
3678,Chaos Space Marines Sicaran Venator,Chaos Space Marines,10,11,2,,14,6,4,220,1
3686,Chaos Space Marines Sicaran Punisher,Chaos Space Marines,10,11,2,,14,6,4,220,1
3711,Chaos Space Marines Chaos Lord with Jump Pack,Chaos Space Marines,12,4,3,4,5,6,1,80,1
3712,Chaos Space Marines Cultist Firebrand,Chaos Space Marines,6,4,4,,4,6,1,45,1
3713,Chaos Space Marines Cultist Mob with Firearms,Chaos Space Marines,6,3,6,,1,7,1,100,19
3876,Nemesis Claw,Chaos Space Marines,6,4,3,,2,6,1,190,10
4099,Chaos Space Marines Noise Marines,Chaos Space Marines,6,5,3,,2,6,1,145,5
1044,Death Guard Plague Marines,Death Guard,5,6,3,,2,6,2,190,10
1045,Death Guard Possessed,Death Guard,9,6,3,5,3,6,1,310,10
1047,Death Guard Chaos Rhino,Death Guard,12,9,3,,10,6,2,85,1
1048,Death Guard Chaos Spawn,Death Guard,8,7,4,,4,7,1,80,2
1049,Death Guard Chaos Land Raider,Death Guard,10,12,2,,16,6,5,240,1
1050,Death Guard Chaos Predator Annihilator,Death Guard,10,10,3,,11,6,3,135,1
1053,Typhus,Death Guard,5,7,2,4,6,6,1,100,1
1055,Malignant Plaguecaster,Death Guard,5,6,3,,4,6,1,60,1
1056,Poxwalkers,Death Guard,5,4,7,,1,8,1,130,20
1058,Noxious Blightbringer,Death Guard,5,6,3,,4,6,1,50,1
1367,Foul Blightspawn,Death Guard,5,6,3,,4,6,1,75,1
1368,Biologus Putrifier,Death Guard,5,6,3,,4,6,1,60,1
1369,Plague Surgeon,Death Guard,5,6,3,,4,6,1,50,1
1371,Deathshroud Terminators,Death Guard,5,7,2,4,4,6,1,320,5
1372,Blightlord Terminators,Death Guard,5,7,2,4,3,6,1,370,10
1374,Myphitic Blight-haulers,Death Guard,10,9,3,5,10,6,3,200,2
1376,Plagueburst Crawler,Death Guard,10,10,2,5,12,6,3,210,1
2461,Death Guard Chaos Predator Destructor,Death Guard,10,10,3,,11,6,3,145,1
2462,Miasmic Malignifier,Death Guard,,10,3,,12,6,0,105,1
2749,Daemon Prince of Nurgle with Wings,Death Guard,12,11,2,4,10,6,3,195,1
3585,Death Guard Chaos Thunderhawk,Death Guard,20,12,2,,30,6,0,840,1
3592,Death Guard Chaos Lord On Palanquin Of Nurgle,Death Guard,5,5,3,4,8,6,2,90,1
3600,Death Guard Sorcerer On Palanquin Of Nurgle,Death Guard,5,5,3,,7,6,2,80,1
3616,Death Guard Fire Raptor Gunship,Death Guard,20,10,3,,18,6,0,290,1
3620,Death Guard Spartan,Death Guard,10,12,2,,18,6,6,315,1
3628,Death Guard Cerberus,Death Guard,10,12,2,,18,6,6,285,1
3632,Death Guard Kratos,Death Guard,10,12,2,,18,6,6,265,1
3636,Death Guard Sokar-pattern Stormbird,Death Guard,20,13,2,4,40,6,0,1100,1
3640,Death Guard Sicaran Battle Tank,Death Guard,10,11,2,,14,6,4,220,1
3644,Death Guard Mastodon,Death Guard,9,14,2,,30,6,12,610,1
3660,Death Guard Whirlwind Scorpius,Death Guard,10,10,3,,11,6,3,115,1
3672,Death Guard Storm Eagle Gunship,Death Guard,20,10,3,,18,6,0,255,1
3676,Death Guard Sicaran Venator,Death Guard,10,11,2,,14,6,4,220,1
3684,Death Guard Sicaran Punisher,Death Guard,10,11,2,,14,6,4,220,1
4109,Lord of Poxes,Death Guard,5,6,3,4,5,6,1,75,1
4111,Death Guard Rotigus,Death Guard,7,12,5,4,22,6,5,250,1
4113,Death Guard Plaguebearers,Death Guard,5,5,7,5,2,7,2,110,10
4114,Death Guard Plague Drones,Death Guard,10,8,6,5,5,7,2,230,5
4115,Beasts of Nurgle,Death Guard,6,9,6,5,7,7,3,130,2
4116,Death Guard Nurglings,Death Guard,5,3,7,5,4,8,0,70,6
639,Succubus,Drukhari,8,3,6,4,4,6,1,45,1
640,Lelith Hesperax,Drukhari,8,3,6,4,4,6,1,95,1
641,Haemonculus,Drukhari,7,4,6,6,5,6,1,60,1
644,Kabalite Warriors,Drukhari,8,3,4,6,1,6,2,100,10
646,Wyches,Drukhari,8,3,6,6,1,6,2,80,10
649,Mandrakes,Drukhari,8,3,7,5,1,6,1,120,10
650,Wracks,Drukhari,7,4,6,6,1,6,2,110,10
651,Grotesques,Drukhari,7,5,6,6,4,6,1,170,6
652,Beastmaster,Drukhari,12,4,6,6,5,8,1,120,3
656,Raider,Drukhari,14,8,4,6,10,6,2,75,1
658,Reavers,Drukhari,16,4,4,6,2,6,2,120,5
659,Hellions,Drukhari,14,4,5,6,2,6,1,150,10
662,Scourges,Drukhari,14,3,4,5,1,6,1,180,10
663,Talos,Drukhari,7,7,3,6,7,6,2,160,2
664,Cronos,Drukhari,7,7,3,6,7,6,2,85,2
666,Reaper,Drukhari,14,9,4,6,11,6,3,95,1
667,Tantalus,Drukhari,16,10,4,5,18,6,5,230,1
1390,Raven Strike Fighter,Drukhari,20,8,4,5,10,6,0,130,1
3931,Drukhari Corsair Voidreavers,Drukhari,7,3,4,,1,7,2,110,10
3932,Drukhari Corsair Voidscarred,Drukhari,7,3,4,,1,7,1,160,10
3933,Drukhari Corsair Cloud Dancer Band,Drukhari,14,4,3,,2,6,2,245,6
3934,Drukhari Corsair Reaver Band,Drukhari,7,3,5,,3,6,2,275,10
3935,Drukhari Corsair Skyreaver Band,Drukhari,14,3,5,,3,6,1,275,10
4079,Tormentors,Emperor’s Children,7,4,3,,2,6,2,170,10
4080,Infractors,Emperor’s Children,7,4,3,,2,6,2,160,10
4081,Emperor’s Children Chaos Terminators,Emperor’s Children,6,5,2,4,3,6,1,170,4
4082,Emperor’s Children Chaos Land Raider,Emperor’s Children,10,12,2,,16,6,5,220,1
4083,Lucius the Eternal,Emperor’s Children,8,5,2,4,6,6,1,150,1
4084,Lord Kakophonist,Emperor’s Children,6,5,2,4,6,6,1,70,1
4085,Emperor’s Children Sorcerer,Emperor’s Children,7,4,3,,4,6,1,60,1
4086,Daemon Prince of Slaanesh,Emperor’s Children,10,10,2,4,10,6,3,195,1
4087,Daemon Prince of Slaanesh with Wings,Emperor’s Children,14,9,2,4,10,6,3,200,1
4088,Emperor’s Children Noise Marines,Emperor’s Children,6,5,3,,2,6,1,145,5
4089,Flawless Blades,Emperor’s Children,8,5,3,5,3,6,1,220,6
4090,Emperor’s Children Chaos Spawn,Emperor’s Children,10,5,4,,4,7,1,80,2
4093,Emperor’s Children Chaos Rhino,Emperor’s Children,12,9,3,,10,6,2,80,1
4094,Emperor’s Children Shalaxi Helbane,Emperor’s Children,14,10,3,4,20,6,5,380,1
4095,Emperor’s Children Daemonettes,Emperor’s Children,9,3,7,5,1,7,1,90,10
4096,Emperor’s Children Fiends,Emperor’s Children,12,5,7,5,4,7,2,190,5
4097,Keeper of Secrets,Emperor’s Children,14,10,5,4,18,6,5,270,1
4098,Emperor’s Children Seekers,Emperor’s Children,14,4,7,5,2,7,1,160,10
508,Magus,Genestealer Cults,6,3,5,5,4,6,1,50,1
509,Primus,Genestealer Cults,6,3,5,5,4,6,1,70,1
511,Acolyte Hybrids With Autopistols,Genestealer Cults,6,4,5,,1,7,2,130,10
512,Neophyte Hybrids,Genestealer Cults,6,3,5,,1,7,2,145,19
513,Hybrid Metamorphs,Genestealer Cults,6,4,5,,1,7,1,140,10
514,Aberrants,Genestealer Cults,6,6,5,,3,7,1,300,10
515,Purestrain Genestealers,Genestealer Cults,8,4,5,5,2,7,1,140,10
1565,Jackal Alphus,Genestealer Cults,12,4,5,,4,7,1,55,1
1567,Clamavus,Genestealer Cults,6,3,5,,3,6,1,50,1
1568,Locus,Genestealer Cults,6,4,5,4,3,7,1,45,1
1569,Sanctus,Genestealer Cults,6,3,5,5,3,7,1,50,1
1571,Nexos,Genestealer Cults,6,3,5,,3,7,1,60,1
1572,Biophagus,Genestealer Cults,6,3,5,,3,7,1,50,1
1573,Achilles Ridgerunners,Genestealer Cults,12,7,3,,8,7,3,170,2
1574,Atalan Jackals,Genestealer Cults,12,4,5,,4,7,1,150,8
2525,Reductus Saboteur,Genestealer Cults,6,3,5,5,3,7,1,65,1
3715,Benefictus,Genestealer Cults,6,3,5,5,3,7,1,70,1
3716,Acolyte Hybrids With Hand Flamers,Genestealer Cults,6,4,5,,1,7,2,140,10
374,Grand Master Voldus,Grey Knights,5,5,2,4,7,6,1,110,1
375,Grand Master,Grey Knights,5,5,2,4,7,6,1,95,1
380,Castellan Crowe,Grey Knights,6,4,2,4,5,6,1,90,1
381,Strike Squad,Grey Knights,6,4,2,,2,6,2,240,10
382,Brotherhood Terminator Squad,Grey Knights,5,5,2,4,3,6,2,400,10
383,Purifier Squad,Grey Knights,6,4,2,,2,6,1,250,10
384,Paladin Squad,Grey Knights,5,5,2,4,3,6,1,450,10
387,Interceptor Squad,Grey Knights,12,4,2,,2,6,1,260,10
388,Purgation Squad,Grey Knights,6,4,2,,2,6,1,250,10
389,Nemesis Dreadknight,Grey Knights,8,8,2,4,13,6,4,210,1
392,Grey Knights Land Raider Crusader,Grey Knights,12,12,2,,16,6,5,220,1
398,Grey Knights Stormraven Gunship,Grey Knights,20,10,3,,14,6,0,280,1
1196,Land Raider Banisher,Grey Knights,10,12,2,,16,6,5,255,1
1197,Grey Knights Thunderhawk Gunship,Grey Knights,20,12,2,,30,6,0,805,1
1360,Grand Master In Nemesis Dreadknight,Grey Knights,8,8,2,4,13,6,4,225,1
1363,Grey Knights Stormhawk Interceptor,Grey Knights,20,9,3,,10,6,0,160,1
1364,Grey Knights Stormtalon Gunship,Grey Knights,20,9,3,,10,6,0,170,1
2593,Ûthar the Destined,Leagues of Votann,5,5,3,4,5,6,1,95,1
2594,Kâhl,Leagues of Votann,5,5,3,4,4,7,1,70,1
2597,Brôkhyr Iron-master,Leagues of Votann,5,5,4,,4,7,1,75,3
2598,Hearthkyn Warriors,Leagues of Votann,5,5,4,,1,7,2,100,10
2600,Cthonian Beserks,Leagues of Votann,6,6,5,,1,7,1,200,10
2601,Hernkyn Pioneers,Leagues of Votann,12,6,4,,3,7,2,160,6
2602,Sagitaur,Leagues of Votann,12,9,3,,9,7,2,95,1
2604,Hekaton Land Fortress,Leagues of Votann,10,12,2,,16,7,5,240,1
3710,Hernkyn Yaegirs,Leagues of Votann,6,5,5,,1,7,1,90,10
4140,Buri Aegnirssen,Leagues of Votann,5,6,3,4,5,6,1,110,1
4141,Memnyr Strategist,Leagues of Votann,5,5,4,4,4,7,1,45,1
4142,Arkanyst Evaluator,Leagues of Votann,5,5,3,4,4,7,1,75,1
4143,Ironkin Steeljacks with Heavy Volkanite Disintegrators,Leagues of Votann,5,6,2,,3,7,1,180,5
4144,Ironkin Steeljacks with Melee Weapons,Leagues of Votann,5,6,2,,3,7,1,180,5
4145,Cthonian Earthshakers,Leagues of Votann,4,6,4,,6,7,2,110,2
4146,Kapricus Defenders,Leagues of Votann,12,7,4,,7,7,2,140,2
4147,Kapricus Carrier,Leagues of Votann,12,7,4,,7,7,2,75,1
522,Imotekh The Stormlord,Necrons,5,5,2,4,6,6,1,100,1
524,Lord,Necrons,5,5,3,,4,6,1,65,1
527,Nemesor Zahndrekh,Necrons,5,5,2,4,6,7,1,85,1
534,Necron Warriors,Necrons,5,4,4,,1,7,2,200,20
535,Immortals,Necrons,5,5,3,,1,7,2,150,10
537,Deathmarks,Necrons,5,5,3,,1,7,1,120,10
538,Flayed Ones,Necrons,5,4,4,,1,7,1,120,10
539,Triarch Praetorians,Necrons,10,5,3,,2,7,1,180,10
540,Triarch Stalker,Necrons,8,8,3,4,12,7,4,110,1
541,C’tan Shard Of The Nightbringer,Necrons,6,11,4,4,12,6,4,305,1
542,C’tan Shard Of The Deceiver,Necrons,6,11,4,4,12,6,6,265,1
543,Ghost Ark,Necrons,10,9,3,4,14,7,3,115,1
544,Night Scythe,Necrons,20,9,3,,12,7,0,145,1
545,Doom Scythe,Necrons,20,9,3,,12,7,0,230,1
546,Canoptek Wraiths,Necrons,10,6,3,4,4,8,2,220,6
548,Tomb Blades,Necrons,12,5,4,,2,7,2,150,6
551,Canoptek Spyders,Necrons,5,7,3,,6,8,2,150,2
554,Doomsday Ark,Necrons,10,9,3,4,14,7,5,200,1
555,Transcendent C’tan,Necrons,6,11,4,4,12,6,4,295,1
556,Tesseract Vault,Necrons,8,12,2,4,24,7,8,425,1
557,Obelisk,Necrons,8,13,2,,24,7,8,300,1
558,Canoptek Tomb Stalker,Necrons,10,9,3,4,9,8,3,130,1
559,Canoptek Acanthrites,Necrons,12,5,3,,2,8,2,170,6
560,Canoptek Tomb Sentinel,Necrons,10,9,3,4,9,8,3,115,1
561,Night Shroud,Necrons,20,9,3,,14,7,0,140,1
562,Sentry Pylon,Necrons,,8,3,,10,7,0,120,1
564,Tesseract Ark,Necrons,9,9,3,4,10,6,3,130,1
567,Gauss Pylon,Necrons,,12,3,5,22,7,0,210,1
1577,Seraptek Heavy Construct,Necrons,10,12,3,5,24,7,10,540,1
2092,Illuminor Szeras,Necrons,8,8,2,4,9,6,3,165,1
2108,Plasmancer,Necrons,5,4,4,,4,6,1,55,1
2109,Skorpekh Lord,Necrons,8,7,3,4,7,6,2,90,1
2110,Skorpekh Destroyers,Necrons,8,6,3,,3,7,2,180,6
2111,Cryptothralls,Necrons,5,4,3,,3,8,1,60,2
2114,Canoptek Scarab Swarms,Necrons,10,2,6,,4,8,0,80,6
2115,Canoptek Doomstalker,Necrons,8,8,3,4,12,8,4,140,1
2116,Lokhust Heavy Destroyers,Necrons,8,6,3,,4,7,2,165,3
2351,Lokhust Lord,Necrons,8,6,3,4,6,6,2,80,1
2353,Psychomancer,Necrons,5,4,4,,4,6,1,55,1
2355,Hexmark Destroyer,Necrons,8,5,3,,5,6,1,75,1
2357,C’tan Shard Of The Void Dragon,Necrons,6,11,4,4,12,6,4,300,1
2358,Ophydian Destroyers,Necrons,10,5,4,,3,7,2,160,6
2359,Lokhust Destroyers,Necrons,8,6,3,,3,7,2,180,6
2360,The Silent King,Necrons,8,10,2,4,16,6,6,400,2
2362,Tomb Citadel Walls,Necrons,,13,2,5,50,7,0,920,1
3693,Overlord with translocation shroud,Necrons,5,5,2,4,6,6,1,85,1
1,Warboss,Orks,6,5,4,5,6,6,1,75,1
2,Warboss In Mega Armour,Orks,5,6,2,5,7,6,1,80,1
3,Warboss On Warbike,Orks,12,6,4,5,7,6,2,75,1
10,Boss Zagstruk,Orks,12,5,4,5,6,6,1,90,1
11,Boss Snikrot,Orks,6,5,5,5,6,6,1,75,1
12,Mek,Orks,6,5,5,,4,7,1,45,1
15,Mad Dok Grotsnik,Orks,6,5,5,5,4,7,1,65,1
16,Boyz,Orks,6,5,5,,2,7,2,170,19
19,Burna Boyz,Orks,6,5,5,,1,7,1,120,8
20,Tankbustas,Orks,6,5,4,,2,7,1,140,5
23,Nobz On Warbikes,Orks,12,6,4,6,4,7,2,125,3
25,Kommandos,Orks,6,5,5,,2,7,1,120,10
27,Stormboyz,Orks,12,5,5,,2,7,1,130,10
28,Deffkoptas,Orks,12,6,4,6,4,7,2,160,6
32,Wazbom Blastajet,Orks,20,9,3,6,12,7,0,175,1
33,Warbikers,Orks,12,6,4,6,4,7,2,130,5
34,Wartrakks,Orks,12,6,4,6,6,7,2,100,2
35,Skorchas,Orks,12,6,4,6,6,7,2,90,2
36,Warbuggies,Orks,12,6,4,6,6,7,2,80,2
41,Killa Kans,Orks,6,6,3,6,5,8,2,250,6
44,Lootas,Orks,6,5,5,,1,7,1,100,8
45,Flash Gitz,Orks,6,5,4,,2,7,1,160,10
46,Stompa,Orks,10,14,2,6,30,6,12,800,1
49,Grot Tanks,Orks,10,6,3,,5,8,2,310,8
51,Squiggoth,Orks,10,10,3,,18,7,5,150,1
59,Gargantuan Squiggoth,Orks,10,13,3,,30,7,12,440,1
1388,Deff Rolla Battle Fortress,Orks,10,12,3,6,22,7,8,250,1
1389,Kill Krusha,Orks,10,12,3,6,22,7,8,230,1
1536,Big Mek With Shokk Attack Gun,Orks,6,5,4,,5,7,1,80,1
1538,Kustom Boosta-blasta,Orks,12,7,4,6,9,7,3,70,1
1539,Shokkjump Dragsta,Orks,12,7,4,6,9,7,3,70,1
1540,Boomdakka Snazzwagon,Orks,12,7,4,6,9,7,3,70,1
1541,Megatrakk Scrapjet,Orks,12,7,4,6,9,7,3,75,1
1542,Rukkatrukk Squigbuggy,Orks,12,7,4,6,9,7,3,95,1
1545,Mekboy Workshop,Orks,,9,4,,10,7,0,80,1
2080,Big Mek With Kustom Force Field,Orks,6,5,4,,4,7,1,55,1
2488,Zodgrod Wortsnagga,Orks,6,5,5,,5,7,1,90,1
2489,Beastboss,Orks,6,5,4,5,6,6,1,80,1
2490,Beastboss On Squigosaur,Orks,10,8,3,5,8,6,3,110,1
2491,Painboss,Orks,6,5,4,,4,7,1,70,1
2493,Mozrog Skragbad,Orks,10,8,3,4,8,6,3,145,1
2494,Beast Snagga Boyz,Orks,6,5,5,,2,7,2,190,19
2496,Squighog Boyz,Orks,10,7,4,,4,7,2,300,6
2499,Big’ed Bossbunka,Orks,,10,3,,12,7,0,135,1
2736,Deffkoptas With Big Shootas,Orks,12,6,4,6,4,7,2,130,3
3691,Da Red Gobbo’s Surprise,Orks,6,2,5,4,3,7,1,40,1
3692,Grotmas Gitz,Orks,10,3,4,,5,7,2,40,1
859,Knight Crusader,Imperial Knights,10,11,3,5,26,6,10,395,1
860,Acastus Knight Porphyrion,Imperial Knights,8,13,2,5,30,6,10,700,1
861,Cerastus Knight Acheron,Imperial Knights,12,11,3,5,28,6,10,395,1
862,Cerastus Knight Atrapos,Imperial Knights,12,11,3,5,28,6,10,405,1
863,Cerastus Knight Castigator,Imperial Knights,12,11,3,5,28,6,10,395,1
864,Cerastus Knight Lancer,Imperial Knights,14,11,3,4,28,6,10,395,1
865,Questoris Knight Magaera,Imperial Knights,10,11,3,5,26,6,10,385,1
866,Questoris Knight Styrix,Imperial Knights,10,11,3,5,26,6,10,385,1
1484,Canis Rex,Imperial Knights,10,11,3,5,26,5,10,415,1
1485,Knight Castellan,Imperial Knights,8,12,3,5,28,6,10,410,1
1664,Acastus Knight Asterius,Imperial Knights,8,13,2,5,30,6,10,765,1
2770,Sir Hekhtur,Imperial Knights,6,3,4,,3,5,1,,1
1094,Chaos Cerastus Knight Acheron,Chaos Knights,12,11,3,5,28,6,10,385,1
1095,Chaos Cerastus Knight Lancer,Chaos Knights,14,11,3,4,28,6,10,385,1
1096,Chaos Cerastus Knight Castigator,Chaos Knights,12,11,3,5,28,6,10,385,1
1097,Chaos Cerastus Knight Atrapos,Chaos Knights,12,11,3,5,28,6,10,395,1
1098,Chaos Questoris Knight Magaera,Chaos Knights,10,11,3,5,26,6,10,375,1
1099,Chaos Acastus Knight Porphyrion,Chaos Knights,8,13,2,5,30,6,10,700,1
1100,Chaos Questoris Knight Styrix,Chaos Knights,10,11,3,5,26,6,10,375,1
1658,Knight Despoiler,Chaos Knights,10,11,3,5,26,6,10,375,1
1660,Knight Desecrator,Chaos Knights,10,11,3,5,26,6,10,365,1
1662,Chaos Acastus Knight Asterius,Chaos Knights,8,13,2,5,30,6,10,765,1
2563,War Dog Stalker,Chaos Knights,12,9,3,5,14,7,6,140,1
2566,War Dog Huntsman,Chaos Knights,12,9,3,5,14,7,6,140,1
3844,Chaos Knights Cultist Firebrand,Chaos Knights,6,4,4,,4,6,1,45,1
3848,Chaos Knights Rogue Psyker,Chaos Knights,6,3,5,,3,7,1,60,1
3849,Chaos Knights Cultist Mob,Chaos Knights,6,3,6,,1,7,1,100,19
3850,Chaos Knights Cultist Mob with Firearms,Chaos Knights,6,3,6,,1,7,1,100,19
3851,Chaos Knights Accursed Cultists,Chaos Knights,6,4,6,,3,7,1,195,10
3852,Chaos Knights Fellgor Beastmen,Chaos Knights,6,4,5,,1,7,1,70,10
3853,Chaos Knights Traitor Guardsmen Squad,Chaos Knights,6,3,5,,1,7,2,70,10
3856,Chaos Knights Negavolt Cultists,Chaos Knights,6,3,7,5,1,7,1,55,4
3857,Chaos Knights Renegade Heavy Weapons Squad,Chaos Knights,6,3,5,,2,7,2,75,3
3858,Chaos Knights Renegade Ogryn Beast Handler,Chaos Knights,6,6,5,,4,7,1,70,3
3859,Chaos Knights Renegade Ogryn Brutes,Chaos Knights,6,6,5,,3,7,1,95,3
3860,Chaos Knights Renegade Plague Ogryns,Chaos Knights,5,7,5,,3,7,1,95,3
60,Apothecary Biologis,Space Marines,5,6,3,,5,6,3,70,1
61,Assault Squad,Space Marines,6,4,3,,2,6,1,190,10
64,Assault Squad With Jump Packs,Space Marines,12,4,3,,2,6,1,230,10
66,Space Marines Land Raider Crusader,Space Marines,12,12,2,,16,6,5,220,1
67,Land Raider Excelsior,Space Marines,10,12,2,5,16,6,5,310,1
68,Suppressor Squad,Space Marines,12,4,3,,2,6,1,75,2
70,Tactical Squad,Space Marines,6,4,3,,2,6,2,140,10
71,Bladeguard Veteran Squad,Space Marines,6,4,3,4,3,6,1,170,5
72,Caestus Assault Ram,Space Marines,20,10,3,,18,6,0,215,1
81,Captain Sicarius,Space Marines,6,4,2,4,5,6,1,85,1
84,Space Marines Stormhawk Interceptor,Space Marines,20,9,3,,10,6,0,155,1
85,Rhino Primaris,Space Marines,12,9,3,,10,6,3,95,1
86,Firestrike Servo-turrets,Space Marines,3,6,2,,6,6,2,150,2
91,Ballistus Dreadnought,Space Marines,8,10,2,,12,6,4,150,1
92,Space Marines Sicaran Venator,Space Marines,10,11,2,,14,6,4,220,1
95,Ultramarines Honour Guard,Space Marines,6,4,2,,2,6,1,155,2
96,Carab Culln The Risen,Space Marines,8,10,2,5,12,6,4,250,1
98,Tarantula Sentry Battery,Space Marines,,6,3,,4,6,1,90,1
103,Eradicator Squad,Space Marines,5,6,3,,3,6,1,200,5
104,Relic Terminator Squad,Space Marines,5,5,2,4,3,6,1,400,10
107,Javelin Attack Speeder,Space Marines,14,8,3,,9,6,3,110,1
111,Mortis Dreadnought,Space Marines,6,9,2,,8,6,3,130,1
113,Space Marines Storm Eagle Gunship,Space Marines,20,10,3,,18,6,0,255,1
114,Storm Speeder Hammerstrike,Space Marines,14,9,3,,11,6,3,125,1
116,Bike Squad,Space Marines,12,5,3,,5,6,2,160,5
118,Terminator Assault Squad,Space Marines,5,5,2,4,3,6,1,360,10
119,Librarian In Phobos Armour,Space Marines,6,4,3,,4,6,1,70,1
121,Uriel Ventris,Space Marines,6,4,3,4,5,6,1,95,1
123,Space Marines Sicaran Punisher,Space Marines,10,11,2,,14,6,4,220,1
124,Storm Speeder Hailstrike,Space Marines,14,9,3,,11,6,3,115,1
125,Inceptor Squad,Space Marines,10,6,3,,3,6,1,240,5
126,Infernus Squad,Space Marines,6,4,3,,2,6,1,180,10
127,Iron Father Feirros,Space Marines,5,6,2,,6,6,1,95,1
128,Infiltrator Squad,Space Marines,6,4,3,,2,6,1,200,10
132,Land Speeder Storm,Space Marines,14,7,4,,7,6,1,70,1
134,Astartes Servitors,Space Marines,6,4,4,6,1,8,0,55,4
136,Brutalis Dreadnought,Space Marines,8,10,2,,12,6,4,160,1
137,Scout Bike Squad,Space Marines,12,5,4,,3,6,2,150,5
139,Thunderhawk Gunship,Space Marines,20,12,2,,30,6,0,840,1
146,Hunter,Space Marines,9,11,3,,11,6,3,100,1
147,Vanguard Veteran Squad With Jump Packs,Space Marines,12,4,3,,2,6,1,190,10
148,Imperial Space Marine,Space Marines,6,4,3,,4,6,1,40,1
153,Tycho The Lost,Space Marines,6,4,2,4,4,6,1,90,1
155,Chief Librarian Mephiston,Space Marines,7,5,2,5,6,6,1,120,1
156,The Sanguinor,Space Marines,12,4,2,4,7,6,1,140,1
157,Astorath,Space Marines,12,4,2,4,5,5,1,95,1
158,Sanguinary Priest,Space Marines,6,4,3,,4,6,1,75,1
159,Sanguinary Priest On Bike,Space Marines,12,5,3,,5,6,2,135,1
164,Lemartes,Space Marines,12,4,3,4,4,5,1,100,1
165,Sanguinary Guard,Space Marines,12,4,2,4,3,6,1,260,6
167,Furioso Dreadnought,Space Marines,8,9,2,,8,6,3,150,1
169,Gabriel Seth,Space Marines,6,4,3,4,6,6,1,90,1
225,Asmodai,Space Marines,6,4,3,4,4,5,1,70,1
230,Deathwing Terminator Squad,Space Marines,5,5,2,4,3,6,1,360,10
231,Deathwing Knights,Space Marines,5,5,2,4,4,6,1,250,4
238,Ravenwing Darkshroud,Space Marines,14,8,3,5,10,6,3,100,1
241,Ravenwing Black Knights,Space Marines,12,5,3,5,3,6,2,180,5
242,Land Speeder Vengeance,Space Marines,14,8,3,5,10,6,3,120,1
292,Njal Stormcaller,Space Marines,7,4,3,4,4,6,1,85,1
297,Ulrik The Slayer,Space Marines,7,4,3,4,4,5,1,70,1
303,Blood Claws,Space Marines,7,4,3,,2,6,2,285,19
305,Grey Hunters,Space Marines,7,4,3,,2,6,3,180,10
306,Iron Priest,Space Marines,7,4,2,,4,6,1,60,1
308,Iron Priest On Thunderwolf,Space Marines,10,6,2,,5,6,2,95,1
317,Arjac Rockfist,Space Marines,6,5,2,4,6,6,1,105,1
318,Wolf Guard Terminators,Space Marines,6,5,2,4,3,6,1,340,10
323,Fenrisian Wolves,Space Marines,10,4,6,,1,8,0,80,10
358,Space Marines Corvus Blackstar,Space Marines,20,10,3,,14,6,0,180,1
1153,Space Marines Cerberus,Space Marines,10,12,2,,18,6,6,285,1
1154,Vanguard Veteran Squad,Space Marines,6,4,3,,2,6,1,240,10
1156,Invictor Tactical Warsuit,Space Marines,8,8,3,,12,6,4,125,1
1157,Intercessor Squad,Space Marines,6,4,3,,2,6,2,160,10
1158,Invader ATV,Space Marines,12,5,3,,8,6,2,60,1
1159,Incursor Squad,Space Marines,6,4,3,,2,6,1,160,10
1160,Scout Squad,Space Marines,6,4,4,,2,6,1,140,10
1161,Sicaran Arcus,Space Marines,10,11,2,,14,6,4,200,1
1162,Sergeant Telion,Space Marines,6,4,4,,3,6,1,70,1
1163,Sicaran Omega,Space Marines,10,11,2,,14,6,4,235,1
1166,Company Veterans On Bikes,Space Marines,12,5,3,,2,6,2,275,4
1168,Land Speeder Tempest,Space Marines,14,8,3,,7,6,2,95,1
1169,Land Speeder Tornado,Space Marines,14,7,3,,6,6,2,95,1
1172,Captain In Gravis Armour,Space Marines,5,6,3,4,6,6,1,80,1
1175,Space Marines Kratos,Space Marines,10,12,2,,18,6,6,265,1
1177,Heavy Intercessor Squad,Space Marines,5,6,3,,3,6,2,200,10
1178,Vindicator Laser Destroyer,Space Marines,9,11,2,,11,6,3,175,1
1179,Space Marines Sokar-pattern Stormbird,Space Marines,20,13,2,4,40,6,0,1100,1
1183,Terminator Squad,Space Marines,5,5,2,4,3,6,1,340,10
1184,Terminus Ultra,Space Marines,10,12,2,,16,6,5,285,1
1185,Space Marines Sicaran Battle Tank,Space Marines,10,11,2,,14,6,4,220,1
1189,Space Marines Mastodon,Space Marines,9,14,2,,30,6,12,610,1
1190,Space Marines Stormtalon Gunship,Space Marines,20,8,3,,10,6,0,165,1
1191,Space Marines Stormraven Gunship,Space Marines,20,10,3,,14,6,0,280,1
1193,Centurion Devastator Squad,Space Marines,4,7,2,,4,6,2,330,5
1347,Land Raider Prometheus,Space Marines,10,12,2,,16,6,5,275,1
1423,Ravenwing Talonmaster,Space Marines,16,7,3,5,6,6,2,105,1
1523,Scout Sniper Squad,Space Marines,6,4,4,,2,6,1,150,10
1524,Sergeant Chronus,Space Marines,6,4,2,,3,6,1,75,1
1606,Assault Intercessor Squad,Space Marines,6,4,3,,2,6,2,150,10
1609,Space Marines Fire Raptor Gunship,Space Marines,20,10,3,,18,6,0,290,1
1610,Storm Speeder Thunderstrike,Space Marines,14,9,3,,11,6,3,150,1
1611,Chief Librarian Tigurius,Space Marines,6,4,3,4,4,6,1,75,1
1668,Eliminator Squad,Space Marines,6,4,3,,2,6,1,85,2
1997,Death Company Marines,Space Marines,6,4,3,,2,6,1,160,10
2076,Attack Bike Squad,Space Marines,12,5,3,,5,6,2,165,3
2098,Hellblaster Squad,Space Marines,6,4,3,,2,6,1,220,10
2099,Aggressor Squad,Space Marines,5,6,3,,3,6,1,200,5
2102,Land Speeder Typhoon,Space Marines,14,7,3,,6,6,2,100,1
2103,Command Squad,Space Marines,6,4,3,,3,6,1,165,2
2105,Darnath Lysander,Space Marines,5,5,2,4,7,6,1,100,1
2199,Marneus Calgar,Space Marines,6,6,2,4,6,6,1,200,2
2202,Devastator Squad,Space Marines,6,4,3,,2,6,1,200,10
2234,Primaris Company Champion,Space Marines,6,4,3,,4,6,1,55,1
2252,Space Marines Spartan,Space Marines,10,12,2,,18,6,6,315,1
2255,Sternguard Veteran Squad,Space Marines,6,4,3,,2,6,1,200,10
2258,Stalker,Space Marines,9,11,3,,11,6,3,140,1
2267,Deathstorm Drop Pod,Space Marines,,7,3,,8,6,2,95,1
2268,Deimos Predator,Space Marines,10,10,3,,11,6,3,115,1
2270,Desolation Squad,Space Marines,6,4,3,,2,6,1,200,4
2285,Death Company Marines with Bolt Rifles,Space Marines,6,4,3,,2,6,1,160,10
2291,Sammael,Space Marines,12,5,3,4,7,6,2,115,1
2296,Lazarus,Space Marines,6,4,3,4,5,6,1,70,1
2302,Deathwing Command Squad,Space Marines,5,5,2,4,3,6,1,400,7
2468,Deathwing Strikemaster,Space Marines,5,5,2,4,5,6,1,80,1
2530,Lieutenant In Phobos Armour,Space Marines,6,4,3,,4,6,1,55,1
2568,Impulsor,Space Marines,12,9,3,,11,6,2,80,1
2678,Chaplain Cassius,Space Marines,6,4,3,4,4,5,1,80,1
2682,Lion El’jonson,Space Marines,8,9,2,3,10,5,4,315,1
2700,Astraeus,Space Marines,10,12,2,5,24,6,8,525,1
2701,Captain In Phobos Armour,Space Marines,6,4,3,4,5,6,1,70,1
2703,Centurion Assault Squad,Space Marines,4,7,2,,4,6,2,300,5
2708,Kayvaan Shrike,Space Marines,12,4,3,4,5,6,1,100,1
2709,Kor’sarro Khan,Space Marines,6,4,3,4,5,6,1,70,1
2710,Land Raider Helios,Space Marines,10,12,2,,16,6,5,265,1
2711,Land Speeder,Space Marines,14,7,3,,6,6,2,80,1
2712,Outrider Squad,Space Marines,12,5,3,,8,6,2,160,5
2715,Predator Destructor,Space Marines,10,10,3,,11,6,3,140,1
2718,Reiver Squad,Space Marines,6,4,3,,2,6,1,160,10
2721,Repulsor,Space Marines,10,12,3,,16,6,5,180,1
2722,Repulsor Executioner,Space Marines,10,12,3,,16,6,5,220,1
2724,Thunderhawk Transporter,Space Marines,20,12,2,,30,6,0,495,1
2725,Tyrannic War Veterans,Space Marines,6,4,3,,2,6,1,85,4
2726,Vulkan He’stan,Space Marines,6,4,2,4,5,6,1,100,1
2728,Space Marines Whirlwind Scorpius,Space Marines,10,10,3,,11,6,3,115,1
2737,Death Company Marines With Jump Packs,Space Marines,12,4,3,,2,6,1,230,10
2738,Sanguinary Priest With Jump Pack,Space Marines,12,4,3,,4,6,1,100,1
2748,Ravenwing Command Squad,Space Marines,12,5,3,5,4,6,2,120,1
2772,Company Heroes,Space Marines,6,4,3,,4,6,1,105,2
2775,Ancient,Space Marines,6,4,3,,4,6,1,50,1
2776,Assault Intercessors With Jump Packs,Space Marines,12,4,3,,2,6,1,170,10
2779,Space Marines Spectrus Kill Team,Space Marines,6,4,3,,2,6,1,180,10
2780,Space Marines Fortis Kill Team,Space Marines,6,4,3,,2,6,2,180,10
2783,Deathwatch Veterans,Space Marines,6,4,3,,2,6,2,190,10
2786,Impulsor,Space Marines,12,9,3,,11,6,2,85,1
2790,Repulsor Executioner,Space Marines,10,12,3,,16,6,5,220,1
2791,Repulsor,Space Marines,10,12,3,,16,6,5,180,1
2792,Chaplain Grimaldus,Space Marines,6,4,3,4,4,5,1,110,3
2793,Castellan,Space Marines,6,4,3,,4,6,1,60,1
2794,High Marshal Helbrecht,Space Marines,6,4,2,4,6,6,3,120,1
2795,Emperor’s Champion,Space Marines,8,4,2,4,5,6,1,90,1
2796,Marshal,Space Marines,6,4,3,4,5,6,1,80,1
2798,Sword Brethren Squad,Space Marines,6,4,3,,3,6,1,260,10
2799,Crusader Squad,Space Marines,6,4,4,,2,6,2,310,11
3696,Chapter Master Draaken Vorn,Space Marines,5,5,2,4,6,6,1,120,1
3698,Inner Circle Companions,Space Marines,6,4,3,,3,6,2,180,6
3831,Blood Angels Captain,Space Marines,6,4,3,4,5,6,1,80,1
3836,Death Company Marines with Boltguns,Space Marines,6,4,3,,2,6,1,250,10
3837,Death Company Marines with Boltguns and Jump Packs,Space Marines,12,4,3,,2,6,1,280,10
3838,Lieutenant Titus,Space Marines,6,4,3,,5,6,1,70,1
3871,Space Marines Watch Master,Space Marines,6,4,2,4,5,6,1,95,1
3872,Space Marines Watch Captain Artemis,Space Marines,6,4,3,4,4,6,1,65,1
3873,Space Marines Deathwatch Terminator Squad,Space Marines,5,5,2,4,3,6,1,350,10
3874,Talonstrike Kill Team,Space Marines,10,6,3,,3,6,1,275,10
3875,Space Marines Kill Team Cassius,Space Marines,6,4,3,4,4,5,2,220,8
4129,Wolf Priest,Space Marines,7,4,3,4,4,6,1,70,1
4131,Wolf Guard Headtakers,Space Marines,7,4,3,,3,6,1,220,6
4132,Wulfen with Storm Shields,Space Marines,9,6,4,4,2,7,0,200,10
4136,Crusade Ancient,Space Marines,6,4,3,,4,6,1,65,1
4137,Sternguard Veteran Squad,Space Marines,6,4,3,,2,6,1,170,10
4138,Terminator Squad,Space Marines,5,5,2,4,3,6,1,330,10
4139,Space Marines Land Raider Crusader,Space Marines,12,12,2,,16,6,5,220,1
4148,Aethon Shaan,Space Marines,14,4,3,4,5,6,1,85,1
402,Commander In Coldstar Battlesuit,T’au Empire,12,5,3,,6,7,2,95,1
403,Tactical Drones,T’au Empire,8,3,4,,1,7,0,210,12
404,Ethereal,T’au Empire,6,3,5,5,3,6,1,50,1
406,Commander Farsight,T’au Empire,10,5,2,4,8,6,2,85,1
407,Commander Shadowsun,T’au Empire,10,4,3,5,6,6,1,100,1
408,Aun’shi,T’au Empire,6,3,6,5,3,7,1,50,1
410,Darkstrider,T’au Empire,7,3,4,,3,7,1,60,1
411,Strike Team,T’au Empire,6,3,4,,1,7,2,75,10
413,Kroot Carnivores,T’au Empire,7,3,6,,1,7,2,140,19
414,Krootox Riders,T’au Empire,7,6,5,,5,7,2,90,3
415,Kroot Hounds,T’au Empire,12,3,6,,1,8,0,80,10
417,Stealth Battlesuits,T’au Empire,8,4,3,,2,7,1,120,5
418,Crisis Battlesuits,T’au Empire,10,5,3,,4,7,2,400,5
420,Ghostkeel Battlesuit,T’au Empire,10,8,2,,12,7,3,160,1
421,Riptide Battlesuit,T’au Empire,10,9,2,4,14,7,4,190,1
423,Piranhas,T’au Empire,14,7,4,,7,7,2,180,3
424,Devilfish,T’au Empire,12,9,3,,13,7,2,85,1
425,Razorshark Strike Fighter,T’au Empire,20,10,3,,12,7,0,170,1
426,Sun Shark Bomber,T’au Empire,20,9,3,,12,7,0,160,1
427,Vespid Stingwings,T’au Empire,12,4,4,,1,7,1,130,10
428,Firesight Team,T’au Empire,6,3,4,,4,7,3,60,1
430,Sky Ray Gunship,T’au Empire,10,10,3,,14,7,3,140,1
431,Longstrike,T’au Empire,10,10,3,,14,7,3,140,1
432,Hammerhead Gunship,T’au Empire,10,10,3,,14,7,3,145,1
433,Broadside Battlesuits,T’au Empire,5,6,2,,8,7,2,270,2
434,Stormsurge,T’au Empire,8,11,2,4,20,7,6,400,1
436,Tidewall Shieldline,T’au Empire,4,8,3,5,10,7,0,85,1
439,Shas’o R’alai,T’au Empire,8,6,3,4,6,7,2,80,1
443,Xv9 Hazard Battlesuits,T’au Empire,8,6,3,,4,7,2,110,10
444,Y’vahra Battlesuit,T’au Empire,10,9,2,5,15,7,4,210,1
445,R’varna Battlesuit,T’au Empire,8,10,2,5,15,7,4,200,1
446,Ta’unar Supremacy Armour,T’au Empire,8,13,2,5,30,7,10,790,1
447,Tetras,T’au Empire,14,7,4,,7,7,2,160,4
449,Heavy Gun Drones,T’au Empire,8,5,4,,2,8,0,45,2
452,Remora Stealth Drones,T’au Empire,16,6,3,,5,7,0,160,2
454,Tiger Shark,T’au Empire,20,11,3,5,18,7,0,325,1
455,AX-1-0 Tiger Shark,T’au Empire,20,11,3,5,18,7,0,315,1
456,Orca Dropship,T’au Empire,20,12,3,,28,7,0,275,1
458,Remote Sensor Tower,T’au Empire,,8,4,,4,8,0,50,1
459,Drone Sentry Turret,T’au Empire,,8,4,,4,8,0,50,1
1391,Knarloc Riders,T’au Empire,7,5,5,,4,7,2,110,3
1477,Commander In Crisis Battlesuit,T’au Empire,10,5,3,,5,7,2,80,1
1478,Commander In Enforcer Battlesuit,T’au Empire,8,5,2,,6,7,2,80,1
2588,Kroot Farstalkers,T’au Empire,7,3,6,,1,7,1,85,10
3699,Crisis Sunforge Battlesuits,T’au Empire,10,5,3,4,4,7,2,140,2
3700,Crisis Fireknife Battlesuits,T’au Empire,10,5,3,,4,7,2,120,2
3701,Crisis Starscythe Battlesuits,T’au Empire,10,5,3,,4,7,2,110,2
3702,Kroot Trail Shaper,T’au Empire,7,3,6,,3,7,1,55,1
3703,Kroot War Shaper,T’au Empire,7,3,6,,3,7,1,50,1
3704,Kroot Flesh Shaper,T’au Empire,7,3,6,,3,7,1,45,1
3705,Kroot Lone-Spear,T’au Empire,12,5,5,,6,7,2,80,1
3706,Krootox Rampagers,T’au Empire,7,6,5,,5,7,2,170,6
2077,Warbringer Nemesis Titan,Adeptus Titanicus,12,14,2,5,80,6,20,2600,1
1016,Thousand Sons Sorcerer,Thousand Sons,6,4,3,5,4,6,1,85,1
1017,Thousand Sons Sorcerer In Terminator Armour,Thousand Sons,5,5,2,4,5,6,1,85,1
1020,Thousand Sons Rubric Marines,Thousand Sons,6,4,3,5,3,6,2,190,10
1022,Thousand Sons Chaos Rhino,Thousand Sons,12,9,3,,10,6,2,90,1
1023,Thousand Sons Chaos Spawn,Thousand Sons,8,5,4,5,4,7,1,65,2
1025,Thousand Sons Chaos Land Raider,Thousand Sons,10,12,2,,16,6,5,220,1
1026,Thousand Sons Chaos Predator Destructor,Thousand Sons,10,10,3,,11,6,3,140,1
1027,Thousand Sons Chaos Vindicator,Thousand Sons,9,11,2,,11,6,3,185,1
1031,Magnus The Red,Thousand Sons,14,11,2,4,16,5,6,435,1
1033,Exalted Sorcerer,Thousand Sons,6,4,3,4,5,6,1,80,1
1034,Tzaangors,Thousand Sons,6,4,6,6,1,7,1,160,19
1035,Scarab Occult Terminators,Thousand Sons,5,5,2,4,4,6,1,360,10
1472,Tzaangor Shaman,Thousand Sons,10,4,5,5,4,7,2,60,1
1476,Mutalith Vortex Beast,Thousand Sons,10,10,4,5,13,6,4,175,1
2500,Infernal Master,Thousand Sons,6,4,3,5,4,6,1,95,1
2501,Thousand Sons Chaos Predator Annihilator,Thousand Sons,10,10,3,,11,6,3,130,1
2755,Exalted Sorcerer on Disc of Tzeentch,Thousand Sons,10,4,3,4,6,6,2,100,1
3591,Thousand Sons Chaos Thunderhawk,Thousand Sons,20,12,2,,30,6,0,840,1
3597,Thousand Sons Chaos Lord On Disc Of Tzeentch,Thousand Sons,12,4,3,4,6,6,1,100,1
3615,Thousand Sons Fire Raptor Gunship,Thousand Sons,20,10,3,,18,6,0,290,1
3619,Thousand Sons Spartan,Thousand Sons,10,12,2,,18,6,6,315,1
3627,Thousand Sons Cerberus,Thousand Sons,10,12,2,,18,6,6,285,1
3631,Thousand Sons Kratos,Thousand Sons,10,12,2,,18,6,6,265,1
3635,Thousand Sons Sokar-pattern Stormbird,Thousand Sons,20,13,2,4,40,6,0,1100,1
3639,Thousand Sons Sicaran Battle Tank,Thousand Sons,10,11,2,,14,6,4,220,1
3643,Thousand Sons Mastodon,Thousand Sons,9,14,2,,30,6,12,610,1
3659,Thousand Sons Whirlwind Scorpius,Thousand Sons,10,10,3,,11,6,3,115,1
3671,Thousand Sons Storm Eagle Gunship,Thousand Sons,20,10,3,,18,6,0,255,1
3675,Thousand Sons Sicaran Venator,Thousand Sons,10,11,2,,14,6,4,220,1
3683,Thousand Sons Sicaran Punisher,Thousand Sons,10,11,2,,14,6,4,220,1
4120,Daemon Prince of Tzeentch with Wings,Thousand Sons,13,9,2,4,10,6,3,170,1
4121,Sekhetar Robots,Thousand Sons,8,6,3,5,4,7,1,160,4
4122,Tzaangor Enlightened with Fatecaster Greatbows,Thousand Sons,10,4,5,5,2,7,2,110,5
4123,Thousand Sons Kairos Fateweaver,Thousand Sons,12,10,6,4,20,6,5,260,1
4124,Thousand Sons Lord of Change,Thousand Sons,12,10,6,4,18,6,5,250,1
4125,Thousand Sons Flamers,Thousand Sons,9,4,7,4,3,7,1,130,5
4126,Thousand Sons Screamers,Thousand Sons,14,4,6,4,3,7,1,160,6
4127,Thousand Sons Pink Horrors,Thousand Sons,6,3,7,4,1,7,1,115,10
4128,Thousand Sons Blue Horrors,Thousand Sons,6,3,7,4,1,8,0,90,10
461,The Swarmlord,Tyranids,8,10,2,4,10,7,3,220,1
467,Genestealers,Tyranids,8,4,5,5,2,7,1,140,10
468,Termagants,Tyranids,6,3,5,,1,8,2,120,20
469,Hormagaunts,Tyranids,10,3,5,,1,8,2,130,20
470,Ripper Swarms,Tyranids,6,2,6,,4,8,0,50,3
475,Zoanthropes,Tyranids,5,5,5,4,3,7,1,200,5
476,Venomthropes,Tyranids,6,5,4,,3,8,1,140,6
477,Pyrovores,Tyranids,5,6,3,,5,8,1,105,3
478,Haruspex,Tyranids,8,11,3,,14,8,4,125,1
482,Tyranids Raveners,Tyranids,10,5,4,,3,8,1,150,5
483,Sky-slasher Swarms,Tyranids,12,2,6,,4,8,0,60,3
484,Tyranids Gargoyles,Tyranids,12,3,6,,1,8,2,170,20
487,Mucolid Spores,Tyranids,4,4,7,,3,8,0,60,2
488,Spore Mines,Tyranids,4,1,7,,1,8,0,110,6
490,Carnifexes,Tyranids,8,9,2,,8,8,3,230,2
491,Biovores,Tyranids,5,6,3,,5,8,1,150,3
493,Tyranids Trygon,Tyranids,10,10,3,,14,8,4,140,1
498,Sporocyst,Tyranids,,10,3,,10,8,0,145,1
506,Scythed Hierodule,Tyranids,12,12,2,,18,8,5,330,1
2529,Tyranids Parasite Of Mortrex,Tyranids,12,5,4,,5,8,1,80,1
2686,Barbgaunts,Tyranids,6,4,4,,2,8,1,110,10
2687,Neurogaunts,Tyranids,6,3,6,,1,8,1,90,20
2689,Psychophage,Tyranids,12,9,3,,10,8,3,110,1
2690,Screamer-killer,Tyranids,8,9,2,,10,8,3,135,1
2691,Tyranid Warriors With Melee Bio-weapons,Tyranids,6,5,4,,3,7,2,150,5
2692,Tyranid Warriors With Ranged Bio-weapons,Tyranids,6,5,4,,3,7,2,130,5
2693,Tyranids Von Ryan’s Leapers,Tyranids,10,5,4,6,3,8,1,140,6
2751,Norn Emissary,Tyranids,10,11,2,4,16,7,5,260,1
2752,Norn Assimilator,Tyranids,10,11,2,,16,7,5,275,1
4117,Tyranids Hyperadapted Raveners,Tyranids,10,5,4,,6,7,1,165,4
243,Fortress Of Redemption,Unaligned Forces,,13,2,,30,7,0,480,1
785,Imperial Fortress Walls,Unaligned Forces,,14,2,,80,7,0,,2
786,Primaris Redoubt,Unaligned Forces,,12,3,5,18,7,0,220,1
914,Bastion,Unaligned Forces,,13,2,,18,7,0,275,1
918,Firestorm Redoubt,Unaligned Forces,,13,2,,18,7,0,260,1
919,Plasma Obliterator,Unaligned Forces,,13,2,,18,7,0,225,1
920,Macro-cannon Aquila Strongpoint,Unaligned Forces,,13,2,,30,7,0,550,1
921,Vortex Missile Strongpoint,Unaligned Forces,,13,2,,30,7,0,525,1
922,Void Shield Generator,Unaligned Forces,,12,3,4,16,7,0,155,1
923,Skyshield Landing Pad,Unaligned Forces,,12,3,5,16,7,0,125,1
1603,Spindle Drones,Unaligned Forces,6,4,4,,2,6,1,35,4
2093,The Archivist,Unaligned Forces,5,6,3,,6,7,2,70,1
2807,Castellum Stronghold,Unaligned Forces,,13,2,,50,6,0,,1
2808,Wall Of Martyrs Bunker,Unaligned Forces,,13,2,,10,7,0,180,1
2809,Wall Of Martyrs Defence Line,Unaligned Forces,,12,2,,10,7,0,280,2
2810,Wall Of Martyrs Defence Emplacement,Unaligned Forces,,12,2,,10,7,0,140,1
2811,Aegis Defence Line With Weapon Emplacement,Unaligned Forces,,12,2,,10,7,0,145,4
2623,Lord Invocatus,World Eaters,10,6,3,4,8,6,2,110,1
2626,Master of Executions,World Eaters,8,4,3,,4,6,1,60,1
2627,World Eaters Khorne Berzerkers,World Eaters,8,4,3,,2,6,2,360,19
2628,Jakhals,World Eaters,7,4,6,,1,7,1,140,17
2629,World Eaters Chaos Terminators,World Eaters,7,5,2,4,3,6,1,350,10
2633,World Eaters Chaos Spawn,World Eaters,10,5,4,,4,7,1,90,2
2634,World Eaters Chaos Land Raider,World Eaters,10,12,2,,16,6,5,220,1
2636,World Eaters Chaos Predator Destructor,World Eaters,10,10,3,,11,6,3,145,1
2637,World Eaters Chaos Predator Annihilator,World Eaters,10,10,3,,11,6,3,145,1
2640,World Eaters Chaos Rhino,World Eaters,12,9,3,,10,6,2,85,1
2642,Khorne Lord of Skulls,World Eaters,12,13,3,5,24,6,8,505,1
2757,Daemon Prince of Khorne with Wings,World Eaters,14,9,2,4,10,6,3,180,1
3587,World Eaters Blood Slaughterer,World Eaters,12,9,3,5,10,6,3,160,1
3588,World Eaters Chaos Thunderhawk,World Eaters,20,12,2,,30,6,0,840,1
3617,World Eaters Fire Raptor Gunship,World Eaters,20,10,3,,18,6,0,290,1
3621,World Eaters Spartan,World Eaters,10,12,2,,18,6,6,315,1
3629,World Eaters Cerberus,World Eaters,10,12,2,,18,6,6,285,1
3633,World Eaters Kratos,World Eaters,10,12,2,,18,6,6,265,1
3637,World Eaters Sokar-pattern Stormbird,World Eaters,20,13,2,4,40,6,0,1100,1
3641,World Eaters Sicaran Battle Tank,World Eaters,10,11,2,,14,6,4,220,1
3645,World Eaters Mastodon,World Eaters,9,14,2,,30,6,12,610,1
3661,World Eaters Whirlwind Scorpius,World Eaters,10,10,3,,11,6,3,115,1
3673,World Eaters Storm Eagle Gunship,World Eaters,20,10,3,,18,6,0,255,1
3677,World Eaters Sicaran Venator,World Eaters,10,11,2,,14,6,4,220,1
3685,World Eaters Sicaran Punisher,World Eaters,10,11,2,,14,6,4,220,1
4076,Goremongers,World Eaters,9,4,6,,1,7,1,85,7
4103,Slaughterbound,World Eaters,10,6,3,5,6,6,1,85,1
4104,World Eaters Skarbrand,World Eaters,10,11,3,4,20,6,5,305,1
4105,World Eaters Bloodthirster,World Eaters,12,11,3,4,18,6,5,305,1
4106,World Eaters Bloodletters,World Eaters,8,4,7,5,1,7,1,90,10
4107,World Eaters Bloodcrushers,World Eaters,10,7,3,5,4,7,2,220,5
4108,World Eaters Flesh Hounds,World Eaters,12,4,7,5,2,7,1,150,10
